{"cameraMode":{"drawMode":0,"name":"Shaded","section":"Shading Mode"},"sceneLighting":true,"audioPlay":false,"sceneViewState":{"showFog":true,"showMaterialUpdate":false,"showSkybox":true,"showFlares":true,"showImageEffects":true,"showParticleSystems":true},"in2DMode":false,"pivot":{"x":0.44569528102874758,"y":2.8661937713623049,"z":1.0015850067138672},"rotation":{"x":-0.07281399518251419,"y":-0.7056511640548706,"z":0.07329637557268143,"w":-0.7009999752044678},"size":14.797003746032715,"orthographic":false}