{"cameraMode":{"drawMode":0,"name":"Shaded","section":"Shading Mode"},"sceneLighting":true,"audioPlay":false,"sceneViewState":{"showFog":true,"showMaterialUpdate":false,"showSkybox":true,"showFlares":true,"showImageEffects":true,"showParticleSystems":true},"in2DMode":false,"pivot":{"x":0.40617454051971438,"y":-2.483468532562256,"z":1.2583725452423096},"rotation":{"x":0.0817769318819046,"y":-0.8945507407188416,"z":0.3994808793067932,"w":0.18311041593551637},"size":14.951677322387696,"orthographic":false}